{
    "RMSE": 150.6472620872522,
    "MAE": 109.94295433258311,
    "MAPE": 5.47430235916754,
    "N-RMSE": 0.06923127853274458,
    "N-MAE": 0.05052525474842974
}