{
    "RMSE": 209.72751087028595,
    "MAE": 159.06639494052965,
    "MAPE": 7.9622238178367155,
    "N-RMSE": 0.09855616112325467,
    "N-MAE": 0.07474924574273009
}