{
    "RMSE": 1099.780371298616,
    "MAE": 774.464418640801,
    "MAPE": 5.9870332574734215,
    "N-RMSE": 0.08232523699795838,
    "N-MAE": 0.05797336311413238
}