{
    "RMSE": 1060.0191362657201,
    "MAE": 748.5815674477145,
    "MAPE": 5.783680781202291,
    "N-RMSE": 0.079348867185548,
    "N-MAE": 0.0560358745807285
}