{
    "RMSE": 138.34804993529548,
    "MAE": 102.96504237266652,
    "MAPE": 5.114863827979475,
    "N-RMSE": 0.0635790670658527,
    "N-MAE": 0.047318493737438655
}