{
    "RMSE": 149.2983207697197,
    "MAE": 113.87649961703532,
    "MAPE": 5.603814608775914,
    "N-RMSE": 0.07015898532411641,
    "N-MAE": 0.05351339267717825
}