{
    "RMSE": 1144.9257502716098,
    "MAE": 831.985619882268,
    "MAPE": 6.511133173703423,
    "N-RMSE": 0.08570464266867954,
    "N-MAE": 0.06227917420895983
}