{
    "RMSE": 152.6659520652773,
    "MAE": 116.44514246553987,
    "MAPE": 5.8217327718075005,
    "N-RMSE": 0.07015898532411641,
    "N-MAE": 0.05351339267717825
}